x	y	label	key	showSelected1	group
20	-7	all times for region 1-1	all times for region 1-1	1-1	1
20	-7	all times for region 1-10	all times for region 1-10	1-10	2
20	-7	all times for region 1-11	all times for region 1-11	1-11	3
20	-7	all times for region 1-12	all times for region 1-12	1-12	4
20	-7	all times for region 1-13	all times for region 1-13	1-13	5
20	-7	all times for region 1-14	all times for region 1-14	1-14	6
20	-7	all times for region 1-15	all times for region 1-15	1-15	7
20	-7	all times for region 1-16	all times for region 1-16	1-16	8
20	-7	all times for region 1-17	all times for region 1-17	1-17	9
20	-7	all times for region 1-18	all times for region 1-18	1-18	10
20	-7	all times for region 1-19	all times for region 1-19	1-19	11
20	-7	all times for region 1-2	all times for region 1-2	1-2	12
20	-7	all times for region 1-20	all times for region 1-20	1-20	13
20	-7	all times for region 1-21	all times for region 1-21	1-21	14
20	-7	all times for region 1-22	all times for region 1-22	1-22	15
20	-7	all times for region 1-23	all times for region 1-23	1-23	16
20	-7	all times for region 1-24	all times for region 1-24	1-24	17
20	-7	all times for region 1-3	all times for region 1-3	1-3	18
20	-7	all times for region 1-4	all times for region 1-4	1-4	19
20	-7	all times for region 1-5	all times for region 1-5	1-5	20
20	-7	all times for region 1-6	all times for region 1-6	1-6	21
20	-7	all times for region 1-7	all times for region 1-7	1-7	22
20	-7	all times for region 1-8	all times for region 1-8	1-8	23
20	-7	all times for region 1-9	all times for region 1-9	1-9	24
20	-7	all times for region 10-1	all times for region 10-1	10-1	25
20	-7	all times for region 10-10	all times for region 10-10	10-10	26
20	-7	all times for region 10-11	all times for region 10-11	10-11	27
20	-7	all times for region 10-12	all times for region 10-12	10-12	28
20	-7	all times for region 10-13	all times for region 10-13	10-13	29
20	-7	all times for region 10-14	all times for region 10-14	10-14	30
20	-7	all times for region 10-15	all times for region 10-15	10-15	31
20	-7	all times for region 10-16	all times for region 10-16	10-16	32
20	-7	all times for region 10-17	all times for region 10-17	10-17	33
20	-7	all times for region 10-18	all times for region 10-18	10-18	34
20	-7	all times for region 10-19	all times for region 10-19	10-19	35
20	-7	all times for region 10-2	all times for region 10-2	10-2	36
20	-7	all times for region 10-20	all times for region 10-20	10-20	37
20	-7	all times for region 10-21	all times for region 10-21	10-21	38
20	-7	all times for region 10-22	all times for region 10-22	10-22	39
20	-7	all times for region 10-23	all times for region 10-23	10-23	40
20	-7	all times for region 10-24	all times for region 10-24	10-24	41
20	-7	all times for region 10-3	all times for region 10-3	10-3	42
20	-7	all times for region 10-4	all times for region 10-4	10-4	43
20	-7	all times for region 10-5	all times for region 10-5	10-5	44
20	-7	all times for region 10-6	all times for region 10-6	10-6	45
20	-7	all times for region 10-7	all times for region 10-7	10-7	46
20	-7	all times for region 10-8	all times for region 10-8	10-8	47
20	-7	all times for region 10-9	all times for region 10-9	10-9	48
20	-7	all times for region 11-1	all times for region 11-1	11-1	49
20	-7	all times for region 11-10	all times for region 11-10	11-10	50
20	-7	all times for region 11-11	all times for region 11-11	11-11	51
20	-7	all times for region 11-12	all times for region 11-12	11-12	52
20	-7	all times for region 11-13	all times for region 11-13	11-13	53
20	-7	all times for region 11-14	all times for region 11-14	11-14	54
20	-7	all times for region 11-15	all times for region 11-15	11-15	55
20	-7	all times for region 11-16	all times for region 11-16	11-16	56
20	-7	all times for region 11-17	all times for region 11-17	11-17	57
20	-7	all times for region 11-18	all times for region 11-18	11-18	58
20	-7	all times for region 11-19	all times for region 11-19	11-19	59
20	-7	all times for region 11-2	all times for region 11-2	11-2	60
20	-7	all times for region 11-20	all times for region 11-20	11-20	61
20	-7	all times for region 11-21	all times for region 11-21	11-21	62
20	-7	all times for region 11-22	all times for region 11-22	11-22	63
20	-7	all times for region 11-23	all times for region 11-23	11-23	64
20	-7	all times for region 11-24	all times for region 11-24	11-24	65
20	-7	all times for region 11-3	all times for region 11-3	11-3	66
20	-7	all times for region 11-4	all times for region 11-4	11-4	67
20	-7	all times for region 11-5	all times for region 11-5	11-5	68
20	-7	all times for region 11-6	all times for region 11-6	11-6	69
20	-7	all times for region 11-7	all times for region 11-7	11-7	70
20	-7	all times for region 11-8	all times for region 11-8	11-8	71
20	-7	all times for region 11-9	all times for region 11-9	11-9	72
20	-7	all times for region 12-1	all times for region 12-1	12-1	73
20	-7	all times for region 12-10	all times for region 12-10	12-10	74
20	-7	all times for region 12-11	all times for region 12-11	12-11	75
20	-7	all times for region 12-12	all times for region 12-12	12-12	76
20	-7	all times for region 12-13	all times for region 12-13	12-13	77
20	-7	all times for region 12-14	all times for region 12-14	12-14	78
20	-7	all times for region 12-15	all times for region 12-15	12-15	79
20	-7	all times for region 12-16	all times for region 12-16	12-16	80
20	-7	all times for region 12-17	all times for region 12-17	12-17	81
20	-7	all times for region 12-18	all times for region 12-18	12-18	82
20	-7	all times for region 12-19	all times for region 12-19	12-19	83
20	-7	all times for region 12-2	all times for region 12-2	12-2	84
20	-7	all times for region 12-20	all times for region 12-20	12-20	85
20	-7	all times for region 12-21	all times for region 12-21	12-21	86
20	-7	all times for region 12-22	all times for region 12-22	12-22	87
20	-7	all times for region 12-23	all times for region 12-23	12-23	88
20	-7	all times for region 12-24	all times for region 12-24	12-24	89
20	-7	all times for region 12-3	all times for region 12-3	12-3	90
20	-7	all times for region 12-4	all times for region 12-4	12-4	91
20	-7	all times for region 12-5	all times for region 12-5	12-5	92
20	-7	all times for region 12-6	all times for region 12-6	12-6	93
20	-7	all times for region 12-7	all times for region 12-7	12-7	94
20	-7	all times for region 12-8	all times for region 12-8	12-8	95
20	-7	all times for region 12-9	all times for region 12-9	12-9	96
20	-7	all times for region 13-1	all times for region 13-1	13-1	97
20	-7	all times for region 13-10	all times for region 13-10	13-10	98
20	-7	all times for region 13-11	all times for region 13-11	13-11	99
20	-7	all times for region 13-12	all times for region 13-12	13-12	100
20	-7	all times for region 13-13	all times for region 13-13	13-13	101
20	-7	all times for region 13-14	all times for region 13-14	13-14	102
20	-7	all times for region 13-15	all times for region 13-15	13-15	103
20	-7	all times for region 13-16	all times for region 13-16	13-16	104
20	-7	all times for region 13-17	all times for region 13-17	13-17	105
20	-7	all times for region 13-18	all times for region 13-18	13-18	106
20	-7	all times for region 13-19	all times for region 13-19	13-19	107
20	-7	all times for region 13-2	all times for region 13-2	13-2	108
20	-7	all times for region 13-20	all times for region 13-20	13-20	109
20	-7	all times for region 13-21	all times for region 13-21	13-21	110
20	-7	all times for region 13-22	all times for region 13-22	13-22	111
20	-7	all times for region 13-23	all times for region 13-23	13-23	112
20	-7	all times for region 13-24	all times for region 13-24	13-24	113
20	-7	all times for region 13-3	all times for region 13-3	13-3	114
20	-7	all times for region 13-4	all times for region 13-4	13-4	115
20	-7	all times for region 13-5	all times for region 13-5	13-5	116
20	-7	all times for region 13-6	all times for region 13-6	13-6	117
20	-7	all times for region 13-7	all times for region 13-7	13-7	118
20	-7	all times for region 13-8	all times for region 13-8	13-8	119
20	-7	all times for region 13-9	all times for region 13-9	13-9	120
20	-7	all times for region 14-1	all times for region 14-1	14-1	121
20	-7	all times for region 14-10	all times for region 14-10	14-10	122
20	-7	all times for region 14-11	all times for region 14-11	14-11	123
20	-7	all times for region 14-12	all times for region 14-12	14-12	124
20	-7	all times for region 14-13	all times for region 14-13	14-13	125
20	-7	all times for region 14-14	all times for region 14-14	14-14	126
20	-7	all times for region 14-15	all times for region 14-15	14-15	127
20	-7	all times for region 14-16	all times for region 14-16	14-16	128
20	-7	all times for region 14-17	all times for region 14-17	14-17	129
20	-7	all times for region 14-18	all times for region 14-18	14-18	130
20	-7	all times for region 14-19	all times for region 14-19	14-19	131
20	-7	all times for region 14-2	all times for region 14-2	14-2	132
20	-7	all times for region 14-20	all times for region 14-20	14-20	133
20	-7	all times for region 14-21	all times for region 14-21	14-21	134
20	-7	all times for region 14-22	all times for region 14-22	14-22	135
20	-7	all times for region 14-23	all times for region 14-23	14-23	136
20	-7	all times for region 14-24	all times for region 14-24	14-24	137
20	-7	all times for region 14-3	all times for region 14-3	14-3	138
20	-7	all times for region 14-4	all times for region 14-4	14-4	139
20	-7	all times for region 14-5	all times for region 14-5	14-5	140
20	-7	all times for region 14-6	all times for region 14-6	14-6	141
20	-7	all times for region 14-7	all times for region 14-7	14-7	142
20	-7	all times for region 14-8	all times for region 14-8	14-8	143
20	-7	all times for region 14-9	all times for region 14-9	14-9	144
20	-7	all times for region 15-1	all times for region 15-1	15-1	145
20	-7	all times for region 15-10	all times for region 15-10	15-10	146
20	-7	all times for region 15-11	all times for region 15-11	15-11	147
20	-7	all times for region 15-12	all times for region 15-12	15-12	148
20	-7	all times for region 15-13	all times for region 15-13	15-13	149
20	-7	all times for region 15-14	all times for region 15-14	15-14	150
20	-7	all times for region 15-15	all times for region 15-15	15-15	151
20	-7	all times for region 15-16	all times for region 15-16	15-16	152
20	-7	all times for region 15-17	all times for region 15-17	15-17	153
20	-7	all times for region 15-18	all times for region 15-18	15-18	154
20	-7	all times for region 15-19	all times for region 15-19	15-19	155
20	-7	all times for region 15-2	all times for region 15-2	15-2	156
20	-7	all times for region 15-20	all times for region 15-20	15-20	157
20	-7	all times for region 15-21	all times for region 15-21	15-21	158
20	-7	all times for region 15-22	all times for region 15-22	15-22	159
20	-7	all times for region 15-23	all times for region 15-23	15-23	160
20	-7	all times for region 15-24	all times for region 15-24	15-24	161
20	-7	all times for region 15-3	all times for region 15-3	15-3	162
20	-7	all times for region 15-4	all times for region 15-4	15-4	163
20	-7	all times for region 15-5	all times for region 15-5	15-5	164
20	-7	all times for region 15-6	all times for region 15-6	15-6	165
20	-7	all times for region 15-7	all times for region 15-7	15-7	166
20	-7	all times for region 15-8	all times for region 15-8	15-8	167
20	-7	all times for region 15-9	all times for region 15-9	15-9	168
20	-7	all times for region 16-1	all times for region 16-1	16-1	169
20	-7	all times for region 16-10	all times for region 16-10	16-10	170
20	-7	all times for region 16-11	all times for region 16-11	16-11	171
20	-7	all times for region 16-12	all times for region 16-12	16-12	172
20	-7	all times for region 16-13	all times for region 16-13	16-13	173
20	-7	all times for region 16-14	all times for region 16-14	16-14	174
20	-7	all times for region 16-15	all times for region 16-15	16-15	175
20	-7	all times for region 16-16	all times for region 16-16	16-16	176
20	-7	all times for region 16-17	all times for region 16-17	16-17	177
20	-7	all times for region 16-18	all times for region 16-18	16-18	178
20	-7	all times for region 16-19	all times for region 16-19	16-19	179
20	-7	all times for region 16-2	all times for region 16-2	16-2	180
20	-7	all times for region 16-20	all times for region 16-20	16-20	181
20	-7	all times for region 16-21	all times for region 16-21	16-21	182
20	-7	all times for region 16-22	all times for region 16-22	16-22	183
20	-7	all times for region 16-23	all times for region 16-23	16-23	184
20	-7	all times for region 16-24	all times for region 16-24	16-24	185
20	-7	all times for region 16-3	all times for region 16-3	16-3	186
20	-7	all times for region 16-4	all times for region 16-4	16-4	187
20	-7	all times for region 16-5	all times for region 16-5	16-5	188
20	-7	all times for region 16-6	all times for region 16-6	16-6	189
20	-7	all times for region 16-7	all times for region 16-7	16-7	190
20	-7	all times for region 16-8	all times for region 16-8	16-8	191
20	-7	all times for region 16-9	all times for region 16-9	16-9	192
20	-7	all times for region 17-1	all times for region 17-1	17-1	193
20	-7	all times for region 17-10	all times for region 17-10	17-10	194
20	-7	all times for region 17-11	all times for region 17-11	17-11	195
20	-7	all times for region 17-12	all times for region 17-12	17-12	196
20	-7	all times for region 17-13	all times for region 17-13	17-13	197
20	-7	all times for region 17-14	all times for region 17-14	17-14	198
20	-7	all times for region 17-15	all times for region 17-15	17-15	199
20	-7	all times for region 17-16	all times for region 17-16	17-16	200
20	-7	all times for region 17-17	all times for region 17-17	17-17	201
20	-7	all times for region 17-18	all times for region 17-18	17-18	202
20	-7	all times for region 17-19	all times for region 17-19	17-19	203
20	-7	all times for region 17-2	all times for region 17-2	17-2	204
20	-7	all times for region 17-20	all times for region 17-20	17-20	205
20	-7	all times for region 17-21	all times for region 17-21	17-21	206
20	-7	all times for region 17-22	all times for region 17-22	17-22	207
20	-7	all times for region 17-23	all times for region 17-23	17-23	208
20	-7	all times for region 17-24	all times for region 17-24	17-24	209
20	-7	all times for region 17-3	all times for region 17-3	17-3	210
20	-7	all times for region 17-4	all times for region 17-4	17-4	211
20	-7	all times for region 17-5	all times for region 17-5	17-5	212
20	-7	all times for region 17-6	all times for region 17-6	17-6	213
20	-7	all times for region 17-7	all times for region 17-7	17-7	214
20	-7	all times for region 17-8	all times for region 17-8	17-8	215
20	-7	all times for region 17-9	all times for region 17-9	17-9	216
20	-7	all times for region 18-1	all times for region 18-1	18-1	217
20	-7	all times for region 18-10	all times for region 18-10	18-10	218
20	-7	all times for region 18-11	all times for region 18-11	18-11	219
20	-7	all times for region 18-12	all times for region 18-12	18-12	220
20	-7	all times for region 18-13	all times for region 18-13	18-13	221
20	-7	all times for region 18-14	all times for region 18-14	18-14	222
20	-7	all times for region 18-15	all times for region 18-15	18-15	223
20	-7	all times for region 18-16	all times for region 18-16	18-16	224
20	-7	all times for region 18-17	all times for region 18-17	18-17	225
20	-7	all times for region 18-18	all times for region 18-18	18-18	226
20	-7	all times for region 18-19	all times for region 18-19	18-19	227
20	-7	all times for region 18-2	all times for region 18-2	18-2	228
20	-7	all times for region 18-20	all times for region 18-20	18-20	229
20	-7	all times for region 18-21	all times for region 18-21	18-21	230
20	-7	all times for region 18-22	all times for region 18-22	18-22	231
20	-7	all times for region 18-23	all times for region 18-23	18-23	232
20	-7	all times for region 18-24	all times for region 18-24	18-24	233
20	-7	all times for region 18-3	all times for region 18-3	18-3	234
20	-7	all times for region 18-4	all times for region 18-4	18-4	235
20	-7	all times for region 18-5	all times for region 18-5	18-5	236
20	-7	all times for region 18-6	all times for region 18-6	18-6	237
20	-7	all times for region 18-7	all times for region 18-7	18-7	238
20	-7	all times for region 18-8	all times for region 18-8	18-8	239
20	-7	all times for region 18-9	all times for region 18-9	18-9	240
20	-7	all times for region 19-1	all times for region 19-1	19-1	241
20	-7	all times for region 19-10	all times for region 19-10	19-10	242
20	-7	all times for region 19-11	all times for region 19-11	19-11	243
20	-7	all times for region 19-12	all times for region 19-12	19-12	244
20	-7	all times for region 19-13	all times for region 19-13	19-13	245
20	-7	all times for region 19-14	all times for region 19-14	19-14	246
20	-7	all times for region 19-15	all times for region 19-15	19-15	247
20	-7	all times for region 19-16	all times for region 19-16	19-16	248
20	-7	all times for region 19-17	all times for region 19-17	19-17	249
20	-7	all times for region 19-18	all times for region 19-18	19-18	250
20	-7	all times for region 19-19	all times for region 19-19	19-19	251
20	-7	all times for region 19-2	all times for region 19-2	19-2	252
20	-7	all times for region 19-20	all times for region 19-20	19-20	253
20	-7	all times for region 19-21	all times for region 19-21	19-21	254
20	-7	all times for region 19-22	all times for region 19-22	19-22	255
20	-7	all times for region 19-23	all times for region 19-23	19-23	256
20	-7	all times for region 19-24	all times for region 19-24	19-24	257
20	-7	all times for region 19-3	all times for region 19-3	19-3	258
20	-7	all times for region 19-4	all times for region 19-4	19-4	259
20	-7	all times for region 19-5	all times for region 19-5	19-5	260
20	-7	all times for region 19-6	all times for region 19-6	19-6	261
20	-7	all times for region 19-7	all times for region 19-7	19-7	262
20	-7	all times for region 19-8	all times for region 19-8	19-8	263
20	-7	all times for region 19-9	all times for region 19-9	19-9	264
20	-7	all times for region 2-1	all times for region 2-1	2-1	265
20	-7	all times for region 2-10	all times for region 2-10	2-10	266
20	-7	all times for region 2-11	all times for region 2-11	2-11	267
20	-7	all times for region 2-12	all times for region 2-12	2-12	268
20	-7	all times for region 2-13	all times for region 2-13	2-13	269
20	-7	all times for region 2-14	all times for region 2-14	2-14	270
20	-7	all times for region 2-15	all times for region 2-15	2-15	271
20	-7	all times for region 2-16	all times for region 2-16	2-16	272
20	-7	all times for region 2-17	all times for region 2-17	2-17	273
20	-7	all times for region 2-18	all times for region 2-18	2-18	274
20	-7	all times for region 2-19	all times for region 2-19	2-19	275
20	-7	all times for region 2-2	all times for region 2-2	2-2	276
20	-7	all times for region 2-20	all times for region 2-20	2-20	277
20	-7	all times for region 2-21	all times for region 2-21	2-21	278
20	-7	all times for region 2-22	all times for region 2-22	2-22	279
20	-7	all times for region 2-23	all times for region 2-23	2-23	280
20	-7	all times for region 2-24	all times for region 2-24	2-24	281
20	-7	all times for region 2-3	all times for region 2-3	2-3	282
20	-7	all times for region 2-4	all times for region 2-4	2-4	283
20	-7	all times for region 2-5	all times for region 2-5	2-5	284
20	-7	all times for region 2-6	all times for region 2-6	2-6	285
20	-7	all times for region 2-7	all times for region 2-7	2-7	286
20	-7	all times for region 2-8	all times for region 2-8	2-8	287
20	-7	all times for region 2-9	all times for region 2-9	2-9	288
20	-7	all times for region 20-1	all times for region 20-1	20-1	289
20	-7	all times for region 20-10	all times for region 20-10	20-10	290
20	-7	all times for region 20-11	all times for region 20-11	20-11	291
20	-7	all times for region 20-12	all times for region 20-12	20-12	292
20	-7	all times for region 20-13	all times for region 20-13	20-13	293
20	-7	all times for region 20-14	all times for region 20-14	20-14	294
20	-7	all times for region 20-15	all times for region 20-15	20-15	295
20	-7	all times for region 20-16	all times for region 20-16	20-16	296
20	-7	all times for region 20-17	all times for region 20-17	20-17	297
20	-7	all times for region 20-18	all times for region 20-18	20-18	298
20	-7	all times for region 20-19	all times for region 20-19	20-19	299
20	-7	all times for region 20-2	all times for region 20-2	20-2	300
20	-7	all times for region 20-20	all times for region 20-20	20-20	301
20	-7	all times for region 20-21	all times for region 20-21	20-21	302
20	-7	all times for region 20-22	all times for region 20-22	20-22	303
20	-7	all times for region 20-23	all times for region 20-23	20-23	304
20	-7	all times for region 20-24	all times for region 20-24	20-24	305
20	-7	all times for region 20-3	all times for region 20-3	20-3	306
20	-7	all times for region 20-4	all times for region 20-4	20-4	307
20	-7	all times for region 20-5	all times for region 20-5	20-5	308
20	-7	all times for region 20-6	all times for region 20-6	20-6	309
20	-7	all times for region 20-7	all times for region 20-7	20-7	310
20	-7	all times for region 20-8	all times for region 20-8	20-8	311
20	-7	all times for region 20-9	all times for region 20-9	20-9	312
20	-7	all times for region 21-1	all times for region 21-1	21-1	313
20	-7	all times for region 21-10	all times for region 21-10	21-10	314
20	-7	all times for region 21-11	all times for region 21-11	21-11	315
20	-7	all times for region 21-12	all times for region 21-12	21-12	316
20	-7	all times for region 21-13	all times for region 21-13	21-13	317
20	-7	all times for region 21-14	all times for region 21-14	21-14	318
20	-7	all times for region 21-15	all times for region 21-15	21-15	319
20	-7	all times for region 21-16	all times for region 21-16	21-16	320
20	-7	all times for region 21-17	all times for region 21-17	21-17	321
20	-7	all times for region 21-18	all times for region 21-18	21-18	322
20	-7	all times for region 21-19	all times for region 21-19	21-19	323
20	-7	all times for region 21-2	all times for region 21-2	21-2	324
20	-7	all times for region 21-20	all times for region 21-20	21-20	325
20	-7	all times for region 21-21	all times for region 21-21	21-21	326
20	-7	all times for region 21-22	all times for region 21-22	21-22	327
20	-7	all times for region 21-23	all times for region 21-23	21-23	328
20	-7	all times for region 21-24	all times for region 21-24	21-24	329
20	-7	all times for region 21-3	all times for region 21-3	21-3	330
20	-7	all times for region 21-4	all times for region 21-4	21-4	331
20	-7	all times for region 21-5	all times for region 21-5	21-5	332
20	-7	all times for region 21-6	all times for region 21-6	21-6	333
20	-7	all times for region 21-7	all times for region 21-7	21-7	334
20	-7	all times for region 21-8	all times for region 21-8	21-8	335
20	-7	all times for region 21-9	all times for region 21-9	21-9	336
20	-7	all times for region 22-1	all times for region 22-1	22-1	337
20	-7	all times for region 22-10	all times for region 22-10	22-10	338
20	-7	all times for region 22-11	all times for region 22-11	22-11	339
20	-7	all times for region 22-12	all times for region 22-12	22-12	340
20	-7	all times for region 22-13	all times for region 22-13	22-13	341
20	-7	all times for region 22-14	all times for region 22-14	22-14	342
20	-7	all times for region 22-15	all times for region 22-15	22-15	343
20	-7	all times for region 22-16	all times for region 22-16	22-16	344
20	-7	all times for region 22-17	all times for region 22-17	22-17	345
20	-7	all times for region 22-18	all times for region 22-18	22-18	346
20	-7	all times for region 22-19	all times for region 22-19	22-19	347
20	-7	all times for region 22-2	all times for region 22-2	22-2	348
20	-7	all times for region 22-20	all times for region 22-20	22-20	349
20	-7	all times for region 22-21	all times for region 22-21	22-21	350
20	-7	all times for region 22-22	all times for region 22-22	22-22	351
20	-7	all times for region 22-23	all times for region 22-23	22-23	352
20	-7	all times for region 22-24	all times for region 22-24	22-24	353
20	-7	all times for region 22-3	all times for region 22-3	22-3	354
20	-7	all times for region 22-4	all times for region 22-4	22-4	355
20	-7	all times for region 22-5	all times for region 22-5	22-5	356
20	-7	all times for region 22-6	all times for region 22-6	22-6	357
20	-7	all times for region 22-7	all times for region 22-7	22-7	358
20	-7	all times for region 22-8	all times for region 22-8	22-8	359
20	-7	all times for region 22-9	all times for region 22-9	22-9	360
20	-7	all times for region 23-1	all times for region 23-1	23-1	361
20	-7	all times for region 23-10	all times for region 23-10	23-10	362
20	-7	all times for region 23-11	all times for region 23-11	23-11	363
20	-7	all times for region 23-12	all times for region 23-12	23-12	364
20	-7	all times for region 23-13	all times for region 23-13	23-13	365
20	-7	all times for region 23-14	all times for region 23-14	23-14	366
20	-7	all times for region 23-15	all times for region 23-15	23-15	367
20	-7	all times for region 23-16	all times for region 23-16	23-16	368
20	-7	all times for region 23-17	all times for region 23-17	23-17	369
20	-7	all times for region 23-18	all times for region 23-18	23-18	370
20	-7	all times for region 23-19	all times for region 23-19	23-19	371
20	-7	all times for region 23-2	all times for region 23-2	23-2	372
20	-7	all times for region 23-20	all times for region 23-20	23-20	373
20	-7	all times for region 23-21	all times for region 23-21	23-21	374
20	-7	all times for region 23-22	all times for region 23-22	23-22	375
20	-7	all times for region 23-23	all times for region 23-23	23-23	376
20	-7	all times for region 23-24	all times for region 23-24	23-24	377
20	-7	all times for region 23-3	all times for region 23-3	23-3	378
20	-7	all times for region 23-4	all times for region 23-4	23-4	379
20	-7	all times for region 23-5	all times for region 23-5	23-5	380
20	-7	all times for region 23-6	all times for region 23-6	23-6	381
20	-7	all times for region 23-7	all times for region 23-7	23-7	382
20	-7	all times for region 23-8	all times for region 23-8	23-8	383
20	-7	all times for region 23-9	all times for region 23-9	23-9	384
20	-7	all times for region 24-1	all times for region 24-1	24-1	385
20	-7	all times for region 24-10	all times for region 24-10	24-10	386
20	-7	all times for region 24-11	all times for region 24-11	24-11	387
20	-7	all times for region 24-12	all times for region 24-12	24-12	388
20	-7	all times for region 24-13	all times for region 24-13	24-13	389
20	-7	all times for region 24-14	all times for region 24-14	24-14	390
20	-7	all times for region 24-15	all times for region 24-15	24-15	391
20	-7	all times for region 24-16	all times for region 24-16	24-16	392
20	-7	all times for region 24-17	all times for region 24-17	24-17	393
20	-7	all times for region 24-18	all times for region 24-18	24-18	394
20	-7	all times for region 24-19	all times for region 24-19	24-19	395
20	-7	all times for region 24-2	all times for region 24-2	24-2	396
20	-7	all times for region 24-20	all times for region 24-20	24-20	397
20	-7	all times for region 24-21	all times for region 24-21	24-21	398
20	-7	all times for region 24-22	all times for region 24-22	24-22	399
20	-7	all times for region 24-23	all times for region 24-23	24-23	400
20	-7	all times for region 24-24	all times for region 24-24	24-24	401
20	-7	all times for region 24-3	all times for region 24-3	24-3	402
20	-7	all times for region 24-4	all times for region 24-4	24-4	403
20	-7	all times for region 24-5	all times for region 24-5	24-5	404
20	-7	all times for region 24-6	all times for region 24-6	24-6	405
20	-7	all times for region 24-7	all times for region 24-7	24-7	406
20	-7	all times for region 24-8	all times for region 24-8	24-8	407
20	-7	all times for region 24-9	all times for region 24-9	24-9	408
20	-7	all times for region 3-1	all times for region 3-1	3-1	409
20	-7	all times for region 3-10	all times for region 3-10	3-10	410
20	-7	all times for region 3-11	all times for region 3-11	3-11	411
20	-7	all times for region 3-12	all times for region 3-12	3-12	412
20	-7	all times for region 3-13	all times for region 3-13	3-13	413
20	-7	all times for region 3-14	all times for region 3-14	3-14	414
20	-7	all times for region 3-15	all times for region 3-15	3-15	415
20	-7	all times for region 3-16	all times for region 3-16	3-16	416
20	-7	all times for region 3-17	all times for region 3-17	3-17	417
20	-7	all times for region 3-18	all times for region 3-18	3-18	418
20	-7	all times for region 3-19	all times for region 3-19	3-19	419
20	-7	all times for region 3-2	all times for region 3-2	3-2	420
20	-7	all times for region 3-20	all times for region 3-20	3-20	421
20	-7	all times for region 3-21	all times for region 3-21	3-21	422
20	-7	all times for region 3-22	all times for region 3-22	3-22	423
20	-7	all times for region 3-23	all times for region 3-23	3-23	424
20	-7	all times for region 3-24	all times for region 3-24	3-24	425
20	-7	all times for region 3-3	all times for region 3-3	3-3	426
20	-7	all times for region 3-4	all times for region 3-4	3-4	427
20	-7	all times for region 3-5	all times for region 3-5	3-5	428
20	-7	all times for region 3-6	all times for region 3-6	3-6	429
20	-7	all times for region 3-7	all times for region 3-7	3-7	430
20	-7	all times for region 3-8	all times for region 3-8	3-8	431
20	-7	all times for region 3-9	all times for region 3-9	3-9	432
20	-7	all times for region 4-1	all times for region 4-1	4-1	433
20	-7	all times for region 4-10	all times for region 4-10	4-10	434
20	-7	all times for region 4-11	all times for region 4-11	4-11	435
20	-7	all times for region 4-12	all times for region 4-12	4-12	436
20	-7	all times for region 4-13	all times for region 4-13	4-13	437
20	-7	all times for region 4-14	all times for region 4-14	4-14	438
20	-7	all times for region 4-15	all times for region 4-15	4-15	439
20	-7	all times for region 4-16	all times for region 4-16	4-16	440
20	-7	all times for region 4-17	all times for region 4-17	4-17	441
20	-7	all times for region 4-18	all times for region 4-18	4-18	442
20	-7	all times for region 4-19	all times for region 4-19	4-19	443
20	-7	all times for region 4-2	all times for region 4-2	4-2	444
20	-7	all times for region 4-20	all times for region 4-20	4-20	445
20	-7	all times for region 4-21	all times for region 4-21	4-21	446
20	-7	all times for region 4-22	all times for region 4-22	4-22	447
20	-7	all times for region 4-23	all times for region 4-23	4-23	448
20	-7	all times for region 4-24	all times for region 4-24	4-24	449
20	-7	all times for region 4-3	all times for region 4-3	4-3	450
20	-7	all times for region 4-4	all times for region 4-4	4-4	451
20	-7	all times for region 4-5	all times for region 4-5	4-5	452
20	-7	all times for region 4-6	all times for region 4-6	4-6	453
20	-7	all times for region 4-7	all times for region 4-7	4-7	454
20	-7	all times for region 4-8	all times for region 4-8	4-8	455
20	-7	all times for region 4-9	all times for region 4-9	4-9	456
20	-7	all times for region 5-1	all times for region 5-1	5-1	457
20	-7	all times for region 5-10	all times for region 5-10	5-10	458
20	-7	all times for region 5-11	all times for region 5-11	5-11	459
20	-7	all times for region 5-12	all times for region 5-12	5-12	460
20	-7	all times for region 5-13	all times for region 5-13	5-13	461
20	-7	all times for region 5-14	all times for region 5-14	5-14	462
20	-7	all times for region 5-15	all times for region 5-15	5-15	463
20	-7	all times for region 5-16	all times for region 5-16	5-16	464
20	-7	all times for region 5-17	all times for region 5-17	5-17	465
20	-7	all times for region 5-18	all times for region 5-18	5-18	466
20	-7	all times for region 5-19	all times for region 5-19	5-19	467
20	-7	all times for region 5-2	all times for region 5-2	5-2	468
20	-7	all times for region 5-20	all times for region 5-20	5-20	469
20	-7	all times for region 5-21	all times for region 5-21	5-21	470
20	-7	all times for region 5-22	all times for region 5-22	5-22	471
20	-7	all times for region 5-23	all times for region 5-23	5-23	472
20	-7	all times for region 5-24	all times for region 5-24	5-24	473
20	-7	all times for region 5-3	all times for region 5-3	5-3	474
20	-7	all times for region 5-4	all times for region 5-4	5-4	475
20	-7	all times for region 5-5	all times for region 5-5	5-5	476
20	-7	all times for region 5-6	all times for region 5-6	5-6	477
20	-7	all times for region 5-7	all times for region 5-7	5-7	478
20	-7	all times for region 5-8	all times for region 5-8	5-8	479
20	-7	all times for region 5-9	all times for region 5-9	5-9	480
20	-7	all times for region 6-1	all times for region 6-1	6-1	481
20	-7	all times for region 6-10	all times for region 6-10	6-10	482
20	-7	all times for region 6-11	all times for region 6-11	6-11	483
20	-7	all times for region 6-12	all times for region 6-12	6-12	484
20	-7	all times for region 6-13	all times for region 6-13	6-13	485
20	-7	all times for region 6-14	all times for region 6-14	6-14	486
20	-7	all times for region 6-15	all times for region 6-15	6-15	487
20	-7	all times for region 6-16	all times for region 6-16	6-16	488
20	-7	all times for region 6-17	all times for region 6-17	6-17	489
20	-7	all times for region 6-18	all times for region 6-18	6-18	490
20	-7	all times for region 6-19	all times for region 6-19	6-19	491
20	-7	all times for region 6-2	all times for region 6-2	6-2	492
20	-7	all times for region 6-20	all times for region 6-20	6-20	493
20	-7	all times for region 6-21	all times for region 6-21	6-21	494
20	-7	all times for region 6-22	all times for region 6-22	6-22	495
20	-7	all times for region 6-23	all times for region 6-23	6-23	496
20	-7	all times for region 6-24	all times for region 6-24	6-24	497
20	-7	all times for region 6-3	all times for region 6-3	6-3	498
20	-7	all times for region 6-4	all times for region 6-4	6-4	499
20	-7	all times for region 6-5	all times for region 6-5	6-5	500
20	-7	all times for region 6-6	all times for region 6-6	6-6	501
20	-7	all times for region 6-7	all times for region 6-7	6-7	502
20	-7	all times for region 6-8	all times for region 6-8	6-8	503
20	-7	all times for region 6-9	all times for region 6-9	6-9	504
20	-7	all times for region 7-1	all times for region 7-1	7-1	505
20	-7	all times for region 7-10	all times for region 7-10	7-10	506
20	-7	all times for region 7-11	all times for region 7-11	7-11	507
20	-7	all times for region 7-12	all times for region 7-12	7-12	508
20	-7	all times for region 7-13	all times for region 7-13	7-13	509
20	-7	all times for region 7-14	all times for region 7-14	7-14	510
20	-7	all times for region 7-15	all times for region 7-15	7-15	511
20	-7	all times for region 7-16	all times for region 7-16	7-16	512
20	-7	all times for region 7-17	all times for region 7-17	7-17	513
20	-7	all times for region 7-18	all times for region 7-18	7-18	514
20	-7	all times for region 7-19	all times for region 7-19	7-19	515
20	-7	all times for region 7-2	all times for region 7-2	7-2	516
20	-7	all times for region 7-20	all times for region 7-20	7-20	517
20	-7	all times for region 7-21	all times for region 7-21	7-21	518
20	-7	all times for region 7-22	all times for region 7-22	7-22	519
20	-7	all times for region 7-23	all times for region 7-23	7-23	520
20	-7	all times for region 7-24	all times for region 7-24	7-24	521
20	-7	all times for region 7-3	all times for region 7-3	7-3	522
20	-7	all times for region 7-4	all times for region 7-4	7-4	523
20	-7	all times for region 7-5	all times for region 7-5	7-5	524
20	-7	all times for region 7-6	all times for region 7-6	7-6	525
20	-7	all times for region 7-7	all times for region 7-7	7-7	526
20	-7	all times for region 7-8	all times for region 7-8	7-8	527
20	-7	all times for region 7-9	all times for region 7-9	7-9	528
20	-7	all times for region 8-1	all times for region 8-1	8-1	529
20	-7	all times for region 8-10	all times for region 8-10	8-10	530
20	-7	all times for region 8-11	all times for region 8-11	8-11	531
20	-7	all times for region 8-12	all times for region 8-12	8-12	532
20	-7	all times for region 8-13	all times for region 8-13	8-13	533
20	-7	all times for region 8-14	all times for region 8-14	8-14	534
20	-7	all times for region 8-15	all times for region 8-15	8-15	535
20	-7	all times for region 8-16	all times for region 8-16	8-16	536
20	-7	all times for region 8-17	all times for region 8-17	8-17	537
20	-7	all times for region 8-18	all times for region 8-18	8-18	538
20	-7	all times for region 8-19	all times for region 8-19	8-19	539
20	-7	all times for region 8-2	all times for region 8-2	8-2	540
20	-7	all times for region 8-20	all times for region 8-20	8-20	541
20	-7	all times for region 8-21	all times for region 8-21	8-21	542
20	-7	all times for region 8-22	all times for region 8-22	8-22	543
20	-7	all times for region 8-23	all times for region 8-23	8-23	544
20	-7	all times for region 8-24	all times for region 8-24	8-24	545
20	-7	all times for region 8-3	all times for region 8-3	8-3	546
20	-7	all times for region 8-4	all times for region 8-4	8-4	547
20	-7	all times for region 8-5	all times for region 8-5	8-5	548
20	-7	all times for region 8-6	all times for region 8-6	8-6	549
20	-7	all times for region 8-7	all times for region 8-7	8-7	550
20	-7	all times for region 8-8	all times for region 8-8	8-8	551
20	-7	all times for region 8-9	all times for region 8-9	8-9	552
20	-7	all times for region 9-1	all times for region 9-1	9-1	553
20	-7	all times for region 9-10	all times for region 9-10	9-10	554
20	-7	all times for region 9-11	all times for region 9-11	9-11	555
20	-7	all times for region 9-12	all times for region 9-12	9-12	556
20	-7	all times for region 9-13	all times for region 9-13	9-13	557
20	-7	all times for region 9-14	all times for region 9-14	9-14	558
20	-7	all times for region 9-15	all times for region 9-15	9-15	559
20	-7	all times for region 9-16	all times for region 9-16	9-16	560
20	-7	all times for region 9-17	all times for region 9-17	9-17	561
20	-7	all times for region 9-18	all times for region 9-18	9-18	562
20	-7	all times for region 9-19	all times for region 9-19	9-19	563
20	-7	all times for region 9-2	all times for region 9-2	9-2	564
20	-7	all times for region 9-20	all times for region 9-20	9-20	565
20	-7	all times for region 9-21	all times for region 9-21	9-21	566
20	-7	all times for region 9-22	all times for region 9-22	9-22	567
20	-7	all times for region 9-23	all times for region 9-23	9-23	568
20	-7	all times for region 9-24	all times for region 9-24	9-24	569
20	-7	all times for region 9-3	all times for region 9-3	9-3	570
20	-7	all times for region 9-4	all times for region 9-4	9-4	571
20	-7	all times for region 9-5	all times for region 9-5	9-5	572
20	-7	all times for region 9-6	all times for region 9-6	9-6	573
20	-7	all times for region 9-7	all times for region 9-7	9-7	574
20	-7	all times for region 9-8	all times for region 9-8	9-8	575
20	-7	all times for region 9-9	all times for region 9-9	9-9	576
